id,unaccentedGivenName,unaccentedFamilyName
A000374,Ralph,Abraham
A000370,Alma,Adams
A000055,Robert,Aderholt
A000371,Peter,Aguilar
A000360,Lamar,Alexander
A000361,Rodney,Alexander
A000379,Mark,Alford
A000372,Rick,Allen
A000376,Colin,Allred
A000382,Angela,Alsobrooks
A000367,Justin,Amash
A000380,Gabe,Amo
A000369,Mark,Amodei
A000210,Robert,Andrews
A000381,Yassamin,Ansari
A000377,Kelly,Armstrong
A000375,Jodey,Arrington
A000373,John,Ashford
A000148,Jake,Auchincloss
A000378,Cynthia,Axne
A000368,Kelly,Ayotte
B001291,Brian,Babin
B001256,Michele,Bachmann
B000013,Spencer,Bachus
B001298,Donald,Bacon
B001307,James,Baird
B001306,Troy,Balderson
B001230,Tammy,Baldwin
B001318,Becca,Balint
B001299,James,Banks
B001279,Ron,Barber
B001269,Lou,Barletta
B001282,Garland,Barr
B001300,Nanette,Barragan
B001261,John,Barrasso
B001321,Tom,Barrett
B001252,John,Barrow
B000213,Joe,Barton
B001270,Karen,Bass
B000243,Max,Baucus
B001322,Michael,Baumgartner
B001314,Aaron,Bean
B001281,Joyce,Beatty
B000287,Xavier,Becerra
B001265,Mark,Begich
B001323,Nicholas,Begich
B001324,Wesley,Bell
B001271,Dan,Benishek
B001267,Michael,Bennet
B001280,Kerry,Bentivolio
B000668,Cliff,Bentz
B001287,Ami,Bera
B001301,John,Bergman
B001292,Donald,Beyer
B000740,Stephanie,Bice
B000444,Joseph,Biden
B001302,Andrew,Biggs
B001325,Sheri,Biggs
B001257,Gus,Bilirakis
B001311,Dan,Bishop
B001293,Michael,Bishop
B001250,Robert,Bishop
B000490,Sanford,Bishop
B001242,Timothy,Bishop
B001273,Diane,Black
B001243,Marsha,Blackburn
B001294,Rod,Blum
B000574,Earl,Blumenauer
B001277,Richard,Blumenthal
B000575,Roy,Blunt
B001303,Lisa,Blunt Rochester
B000825,Lauren,Boebert
B000589,John,Boehner
B001278,Suzanne,Bonamici
B001244,Josiah,"Bonner, Jr."
B001288,Cory,Booker
B001236,John,Boozman
B001245,Madeleine,Bordallo
B001295,Mike,Bost
B001312,Carolyn,Bourdeaux
B001255,Charles,Boustany
B001223,Jamaal,Bowman
B000711,Barbara,Boxer
B001296,Brendan,Boyle
B000755,Kevin,Brady
B001227,Robert,Brady
B001259,Bruce,Braley
B001290,David,Brat
B001310,Michael,Braun
B001317,Josh,Brecheen
B001327,Robert,Bresnahan
B001283,Jim,Bridenstine
B001308,Anthony,Brindisi
B001319,Katie,Britt
B001274,Mo,Brooks
B001284,Susan,Brooks
B001262,Paul,Broun
B001304,Anthony,Brown
B000911,Corrine,Brown
B000944,Sherrod,Brown
B001313,Shontel ,Brown
B001285,Julia,Brownley
B001260,Vernon,Buchanan
B001297,Kenneth,Buck
B001275,Larry,Bucshon
B001305,Theodore,Budd
B001315,Nikki,Budzinski
B001309,Timothy,Burchett
B001248,Michael,Burgess
B001316,Eric,Burlison
B001135,Richard,Burr
B001224,Cori,Bush
B001286,Cheri,Bustos
B001320,Laphonza,Butler
B001251,George,Butterfield
B001326,Janelle,Bynum
B001289,Bradley,Byrne
C000059,Ken,Calvert
C001039,Kat,Cammack
C000071,David,Camp
C001064,John,Campbell
C001046,Eric,Cantor
C000127,Maria,Cantwell
C001047,Shelley,Capito
C001036,Lois,Capps
C001037,Michael,Capuano
C001134,Yadira,Caraveo
C001112,Salud,Carbajal
C001097,Tony,Cardenas
C000141,Benjamin,Cardin
C001126,Mike,Carey
C001054,Jerry,Carl
C001083,John,Carney
C000174,Thomas,Carper
C001072,Andre,Carson
C001103,Buddy,Carter
C001051,John,Carter
C001125,Troy,Carter
C001090,Matt,Cartwright
C001131,Greg,Casar
C001055,Ed,Case
C001070,Robert,Casey
C001075,Bill,Cassidy
C001117,Sean,Casten
C001066,Kathy,Castor
C001091,Joaquin,Castro
C001104,Madison,Cawthorn
C000266,Steve,Chabot
C001076,Jason,Chaffetz
C000286,Saxby,Chambliss
C001135,Lori,Chavez-DeRemer
C001109,Liz,Cheney
C001127,Sheila,Cherfilus-McCormick
C001100,Jeffrey,Chiesa
C000380,Donna,Christensen
C001080,Judy,Chu
C001084,David,Cicilline
C001133,Juan,Ciscomani
C001123,Gil,Cisneros
C001101,Katherine,Clark
C001067,Yvette,Clarke
C001102,Curt,Clawson
C001049,William,Clay
C001061,Emanuel,Cleaver
C001118,Benjamin,Cline
C001115,Michael,Cloud
C000537,James,Clyburn
C001116,Andrew,Clyde
C000542,Daniel,Coats
C000556,Howard,Coble
C000560,Thomas,Coburn
C000567,William,Cochran
C001077,Mike,Coffman
C001068,Stephen,Cohen
C001053,Tom,Cole
C001092,Chris,Collins
C001093,Doug,Collins
C001129,Mike,Collins
C001035,Susan,Collins
C001108,James,Comer
C001105,Barbara,Comstock
C001136,Herbert,Conaway
C001062,K.,Conaway
C001078,Gerald,Connolly
C001128,Connie,Conway
C000714,John,Conyers
C001094,Paul,Cook
C001088,Christopher,Coons
C000754,James,Cooper
C001071,Robert,Corker
C001056,John,Cornyn
C001110,Jose,Correa
C001113,Catherine,Cortez Masto
C001059,Jim,Costa
C001106,Ryan,Costello
C001095,Tom,Cotton
C001069,Joe,Courtney
C001099,William,Cowan
C001124,TJ,Cox
C001119,Angela,Craig
C001096,Kevin,Cramer
C001132,Eli,Crane
C001137,Jeff,Crank
C000880,Michael,Crapo
C001087,Rick,Crawford
C001045,Ander,Crenshaw
C001120,Daniel,Crenshaw
C001111,Charlie,Crist
C001130,Jasmine,Crockett
C001121,Jason,Crow
C001038,Joseph,Crowley
C001098,Rafael,Cruz
C001063,Henry,Cuellar
C001048,John,Culberson
C000984,Elijah,Cummings
C001122,Joe,Cunningham
C001107,Carlos,Curbelo
C001114,John,Curtis
D000632,Anthony,D'Esposito
D000618,Steve,Daines
D000629,Sharice,Davids
D000626,Warren,Davidson
D000096,Danny,Davis
D000230,Don,Davis
D000619,Rodney,Davis
D000598,Susan,Davis
D000594,Monica,De La Cruz
D000631,Madeleine,Dean
D000191,Peter,Defazio
D000197,Diana,DeGette
D000620,John,Delaney
D000216,Rosa,Delauro
D000617,Suzan,Delbene
D000630,Antonio,Delgado
D000530,Chris,Deluzio
D000627,Valdez,Demings
D000612,Jeff,Denham
D000604,Charles,Dent
D000621,Ron,Desantis
D000623,Mark,Desaulnier
D000616,Scott,Desjarlais
D000610,Theodore,Deutch
D000635,Maxine,Dexter
D000600,Mario,Diaz-Balart
D000624,Debbie,Dingell
D000355,John,Dingell
D000399,Lloyd,Doggett
D000613,Robert,Dold
D000032,Byron,Donalds
D000607,Joe,Donnelly
D000625,Daniel,Donovan
D000634,Troy,Downing
D000482,Michael,Doyle
D000633,John,Duarte
D000622,Tammy,Duckworth
D000614,Sean,Duffy
D000615,Jeff,Duncan
D000533,John,Duncan
D000628,Neal,Dunn
D000563,Richard,Durbin
E000246,Chuck,Edwards
E000290,Donna,Edwards
E000301,Sarah,Elfreth
E000288,Keith,Ellison
E000291,Renee,Ellmers
E000071,Jake,Ellzey
E000172,Jo,Emerson
E000294,Thomas,Emmer
E000179,Eliot,Engel
E000292,Bill,Enyart
E000285,Michael,Enzi
E000295,Joni,Ernst
E000299,Veronica,Escobar
E000215,Anna,Eshoo
E000297,Adriano,Espaillat
E000298,Ron,Estes
E000293,Elizabeth,Esty
E000296,Dwight,Evans
E000300,Gabe,Evans
E000235,Mike,Ezell
F000010,Eni,Faleomavaega
F000246,Pat,Fallon
F000460,Blake,Farenthold
F000030,Sam,Farr
F000464,John,Faso
F000043,Chaka,Fattah
F000482,Julie,Fedorchak
F000446,Randy,Feenstra
F000062,Dianne,Feinstein
F000465,Anderson,Ferguson
F000479,John,Fetterman
F000110,Cleo,Fields
F000481,Shomari,Figures
F000458,Stephen,Fincher
F000484,Randy,Fine
F000467,Abby,Finkenauer
F000475,Brad,Finstad
F000470,Michelle,Fischbach
F000463,Debra,Fischer
F000471,Scott,Fitzgerald
F000466,Brian,Fitzpatrick
F000451,Michael,Fitzpatrick
F000444,Jeff,Flake
F000459,Chuck,Fleischmann
F000456,John,Fleming
F000468,Elizabeth,Fletcher
F000474,Mike ,Flood
F000461,Bill,Flores
F000473,Mayra,Flores
F000480,Vince,Fong
F000445,J.,Forbes
F000449,Jeff,Fortenberry
F000454,Bill,Foster
F000477,Valerie,Foushee
F000450,Virginia,Foxx
F000462,Lois,Frankel
F000457,Al,Franken
F000472,Scott,Franklin
F000448,Trent,Franks
F000372,Rodney,Frelinghuysen
F000483,Laura,Friedman
F000476,Maxwell,Frost
F000478,Russell,Fry
F000455,Marcia,Fudge
F000469,Russell,Fulcher
G000571,Tulsi,Gabbard
G000578,Matthew,Gaetz
G000579,Michael,Gallagher
G000572,Pete,Gallego
G000574,Ruben,Gallego
G000559,John,Garamendi
G000597,Andrew,Garbarino
G000061,Mike,GARCIA
G000586,Jesus,Garcia
G000573,Joe,Garcia
G000598,Robert,Garcia
G000587,Sylvia,Garcia
G000562,Cory,Gardner
G000548,Scott,Garrett
G000580,Thomas,Garrett
G000549,Jim,Gerlach
G000584,Greg,Gianforte
G000563,Bob,Gibbs
G000564,Christopher,Gibson
G000603,Brandon,Gill
G000602,Laura,Gillen
G000555,Kirsten,Gillibrand
G000593,Carlos,Gimenez
G000550,Phil,Gingrey
G000552,Louie,Gohmert
G000592,Jared,Golden
G000601,Craig,Goldman
G000599,Daniel,Goldman
G000585,Jimmy,Gomez
G000594,Tony,Gonzales
G000588,Anthony,Gonzalez
G000581,Vicente,Gonzalez
G000582,Jenniffer,Gonzalez-Colon
G000595,Bob,Good
G000589,Lance,Gooden
G000604,Maggie,Goodlander
G000289,Robert,Goodlatte
G000565,Paul,Gosar
G000583,Josh,Gottheimer
G000566,Trey,Gowdy
G000575,Gwendolyn,Graham
G000359,Lindsey,Graham
G000377,Kay,Granger
G000386,Charles,Grassley
G000577,Garret,Graves
G000546,Samuel,Graves
G000560,Tom,Graves
G000605,Adam,Gray
G000556,Alan,Grayson
G000553,Al,Green
G000590,Mark,Green
G000410,Raymond,Green
G000596,Marjorie,Greene
G000567,Tim,Griffin
G000568,H.,Griffith
G000606,Adelita,Grijalva
G000551,Raul,Grijalva
G000569,Michael,Grimm
G000576,Glenn,Grothman
G000591,Michael,Guest
G000570,Frank,Guinta
G000558,Brett,Guthrie
G000535,Luis,Gutierrez
H001080,Debra,Haaland
H001049,Kay,Hagan
H001088,Jim,Hagedorn
H001096,Harriet,Hageman
H000601,William,Hagerty
H001063,Janice,Hahn
H001092,Kwanza,Hall
H000067,Ralph,Hall
H001098,Abraham,Hamadeh
H001050,Colleen,Hanabusa
H001078,Karen,Handel
H001051,Richard,Hanna
H001090,Josh,Harder
H001070,Cresent,Hardy
H001099,Mike,Haridopolos
H000206,Thomas,Harkin
H001045,Gregg,Harper
H001101,Pat,Harrigan
H001052,Andy,Harris
H001075,Kamala,Harris
H001102,Mark,Harris
H001086,Diana,Harshbarger
H001053,Vicky,Hartzler
H001076,Margaret,Hassan
H000324,Alcee,Hastings
H000329,Richard,Hastings
H000338,Orrin,Hatch
H001089,Joshua,Hawley
H001081,Jahana,Hayes
H001064,Denny,Heck
H001055,Joe,Heck
H001046,Martin,Heinrich
H001069,Mary,Heitkamp
H001041,Dean,Heller
H001097,George,Helmy
H001036,Jeb,Hensarling
H001082,Kevin,Hern
H001103,Pablo,Hernandez
H001084,Yvette,Herrell
H001056,Jaime,Herrera Beutler
H001071,Jody,Hice
H000273,John,Hickenlooper
H001038,Brian,Higgins
H001077,Clay,Higgins
H001072,French,Hill
H001087,Katie,Hill
H001047,James,Himes
H000636,Ruben,Hinojosa
H001091,Ashley,Hinson
H001042,Mazie,Hirono
H001061,John,Hoeven
H001065,George,Holding
H001074,Joseph,Hollingsworth
H001032,Rush,Holt
H001034,Mike,Honda
H001083,Kendra,Horn
H001066,Steven,Horsford
H001093,Erin,Houchin
H001085,Christina,Houlahan
H000874,Steny,Hoyer
H001094,Val,Hoyle
H001067,Richard,Hudson
H001057,Tim,Huelskamp
H001068,Jared,Huffman
H001058,Bill,Huizenga
H001059,Randy,Hultgren
H001095,Wesley,Hunt
H001048,Duncan,Hunter
H001100,Jeff,Hurd
H001073,William,Hurd
H001060,Robert,Hurt
H001104,Jon,Husted
H001079,Cindy,Hyde-Smith
I000024,James,Inhofe
I000055,Johnny,Isakson
I000057,Steve,Israel
I000056,Darrell,Issa
I000058,Glenn,Ivey
J000311,Brian,Jack
J000308,Jeff,Jackson
J000309,Jonathan,Jackson
J000304,Ronny,Jackson
J000032,Sheila,Jackson Lee
J000020,Chris,Jacobs
J000305,Sara,Jacobs
J000307,John,James
J000298,Pramila,Jayapal
J000294,Hakeem,Jeffries
J000297,Evan,Jenkins
J000290,Lynn,Jenkins
J000291,Mike,Johanns
J000292,Bill,Johnson
J000301,Dustin,Johnson
J000126,Eddie,Johnson
J000288,Hank,Johnson
J000310,Julie,Johnson
J000299,Mike,Johnson
J000293,Ron,Johnson
J000174,Sam,Johnson
J000177,Timothy,Johnson
J000296,David,Jolly
J000303,Brenda,Jones
J000300,Gordon,Jones
J000306,Mondaire,Jones
J000255,Walter,Jones
J000289,Jim,Jordan
J000295,David,Joyce
J000302,John,Joyce
J000312,James,Justice
K000396,Kaiali'i,Kahele
K000384,Timothy,Kaine
K000400,Sydney,Kamlager-Dove
K000009,Marcia,Kaptur
K000386,John,Katko
K000398,Thomas,Kean
K000375,William,Keating
K000395,Fred,Keller
K000377,Mark,Kelly
K000376,Mike,Kelly
K000385,Robin,Kelly
K000388,Trent,Kelly
K000393,John,Kennedy
K000379,Joseph,Kennedy
K000403,Mike,Kennedy
K000402,Timothy,Kennedy
K000148,John,Kerry
K000389,Ro,Khanna
K000399,Jennifer,Kiggans
K000390,Ruben,Kihuen
K000380,Dan,Kildee
K000401,Kevin,Kiley
K000381,Derek,Kilmer
K000394,Andy,Kim
K000397,Young,Kim
K000188,Ron,Kind
K000383,Angus,King
K000210,Peter,King
K000362,Steve,King
K000404,Kimberlyn,King-Hinds
K000220,Jack,Kingston
K000378,Adam,Kinzinger
K000360,Mark,Kirk
K000368,Ann,Kirkpatrick
K000363,John,Kline
K000367,Amy,Klobuchar
K000387,Steve,Knight
K000405,Brad,Knott
K000391,S.,Krishnamoorthi
K000382,Ann,Kuster
K000392,David,Kustoff
K000352,Jon,Kyl
L000573,Raul,Labrador
L000585,Darin,Lahood
L000598,Nicholas,LaLota
L000578,Doug,Lamalfa
L000588,Conor,Lamb
L000564,Doug,Lamborn
L000567,Leonard,Lance
L000550,Mary,Landrieu
L000601,Greg,Landsman
L000559,James,Langevin
L000600,Nicholas,Langworthy
L000575,James,Lankford
L000560,Richard,Larsen
L000557,John,Larson
L000111,Thomas,Latham
L000606,George,Latimer
L000566,Robert,Latta
L000266,Jake,LaTurner
L000123,Frank,Lautenberg
L000599,Michael,Lawler
L000581,Brenda,Lawrence
L000586,Alfred,Lawson
L000174,Patrick,Leahy
L000551,Barbara,Lee
L000597,Laurel,Lee
L000577,Mike,Lee
L000602,Summer,Lee
L000590,Susie,Lee
L000605,Erica,Lee Carter
L000273,Teresa,Leger Fernandez
L000589,Debbie,Lesko
L000595,Julia,Letlow
L000592,Andy,Levin
L000261,Carl,Levin
L000593,Mike,Levin
L000263,Sander,Levin
L000587,Jason,Lewis
L000287,John,Lewis
L000607,Sam,Liccardo
L000582,Ted,Lieu
L000563,Daniel,Lipinski
L000554,Frank,Lobiondo
L000565,Dave,Loebsack
L000594,Kelly,Loeffler
L000397,Zoe,Lofgren
L000576,Billy,Long
L000604,Greg,Lopez
L000583,Barry,Loudermilk
L000584,Ludmya,Love
L000579,Alan,Lowenthal
L000480,Nita,Lowey
L000491,Frank,Lucas
L000569,Blaine,Luetkemeyer
L000570,Ben,Lujan
L000580,Michelle,Lujan Grisham
L000571,Cynthia,Lummis
L000596,Anna,Luna
L000591,Elaine,Luria
L000603,Morgan,Luttrell
L000562,Stephen,Lynch
M001193,Thomas,MacArthur
M000194,Nancy,Mace
M001230,Ryan,Mackenzie
M001171,Daniel,Maffei
M001223,Seth,Magaziner
M001203,Tom,Malinowski
M000317,Nicole,Malliotakis
M000087,Carolyn,Maloney
M001185,Sean,Maloney
M001228,Celeste,Maloy
M001183,Joe,Manchin
M000871,Tracey,Mann
M001135,Kathy,Manning
M001231,John,Mannion
M001158,Kenny,Marchant
M001179,Thomas,Marino
M000133,Edward,Markey
M001198,Roger,Marshall
M001184,Thomas,Massie
M001199,Brian,Mast
M001142,James,Matheson
M001163,Doris,Matsui
M001209,Ben,Mcadams
M001192,Vance,McAllister
M001208,Lucy,Mcbath
M001238,Sarah,McBride
M000303,John,McCain
M000309,Carolyn,McCarthy
M001165,Kevin,McCarthy
M001170,Claire,McCaskill
M001157,Michael,McCaul
M001136,Lisa,McClain
M001232,April,McClain Delaney
M001227,Jennifer,McClellan
M001177,Tom,McClintock
M001143,Betty,McCollum
M000355,Addison,McConnell
M001243,David,McCormick
M001218,Rich,McCormick
M000404,James,McDermott
M001237,Kristen,McDonald Rivet
M001240,Addison,McDowell
M001200,Aston,McEACHIN
M001220,Morgan,McGarvey
M000312,James,McGovern
M001239,John,McGuire
M001156,Patrick,McHenry
M000485,Mike,McIntyre
M001229,LaMonica,McIver
M000508,Howard,McKeon
M001180,David,McKinley
M001159,Cathy,McMorris Rodgers
M001166,Jerry,McNerney
M001197,Martha,McSally
M001187,Mark,Meadows
M001181,Patrick,Meehan
M001137,Gregory,Meeks
M001186,Peter,Meijer
M001245,Christian,Menefee
M000639,Robert,Menendez
M001226,Robert,Menendez
M001188,Grace,Meng
M001176,Jeff,Merkley
M001189,Luke,Messer
M001233,Mark,Messmer
M001204,Dan,Meuser
M000687,Kweisi,Mfume
M000689,John,Mica
M001149,Michael,Michaud
M000702,Barbara,Mikulski
M001150,Candice,Miller
M001205,Carol,Miller
M001139,Gary,Miller
M000725,George,Miller
M001144,Jefferson,Miller
M001211,Mary,Miller
M001222,Max,Miller
M001215,Mariannette,Miller-Meeks
M001216,Cory,Mills
M001241,Dave,Min
M001201,Paul,Mitchell
M001221,Marcus,Molinaro
M001244,Ashley,Moody
M001194,John,Moolenaar
M001195,Alex,Mooney
M001212,Barry,Moore
M001213,Blake,Moore
M001160,Gwendolynne,Moore
M001235,Riley,Moore
M001236,Tim,Moore
M000933,James,Moran
M000934,Jerry,Moran
M001224,Nathaniel,Moran
M001206,Joseph,Morelle
M001242,Bernardo,Moreno
M001234,Kelly,Morrison
M001217,Jared,Moskowitz
M001196,Seth,Moulton
M001219,James,Moylan
M001214,Frank,Mrvan
M001207,Debbie,Mucarsel-Powell
M001225,Kevin,Mullin
M001190,Markwayne,Mullin
M001182,Mick,Mulvaney
M001153,Lisa,Murkowski
M001169,Christopher,Murphy
M001210,Gregory,Murphy
M001191,Patrick,Murphy
M001202,Stephanie,Murphy
M001151,Timothy,Murphy
M001111,Patty,Murray
N000002,Jerrold,Nadler
N000179,Grace,Napolitano
N000015,Richard,Neal
N000187,Gloria,Negrete McLeod
N000191,Joseph,Neguse
N000026,Troy,Nehls
N000032,Clarence,Nelson
N000182,Randy,Neugebauer
N000189,Daniel,Newhouse
N000192,Marie,Newman
N000194,Wiley,Nickel
N000184,Kristi,Noem
N000127,Richard,Nolan
N000188,Donald,Norcross
N000190,Ralph,Norman
N000147,Eleanor,Norton
N000185,Richard,Nugent
N000181,Devin,Nunes
N000193,Zach,Nunn
N000186,Alan,Nunnelee
O000171,Thomas,O'halleran
O000170,Beto,O'Rourke
O000167,Barack,Obama
O000019,Jay,Obernolte
O000172,Alexandria,Ocasio-Cortez
O000175,Andy,Ogles
O000168,Pete,Olson
O000176,Johnny,Olszewski
O000173,Ilhan,Omar
O000177,Robert,Onder
O000174,Thomas,Ossoff
O000086,Burgess,Owens
O000169,William,Owens
P000145,Alejandro,Padilla
P000601,Steven,Palazzo
P000034,Frank,Pallone
P000609,Gary,Palmer
P000613,James,Panetta
P000614,Chris,Pappas
P000096,William,Pascrell
P000099,Ed,Pastor
P000622,Jimmy,Patronis
P000603,Rand,Paul
P000594,Erik,Paulsen
P000604,Donald,Payne
P000588,Stevan,Pearce
P000197,Nancy,Pelosi
P000619,Mary,Peltola
P000615,Gregory,Pence
P000587,Mike,Pence
P000612,David,Perdue
G000600,Marie,Perez
P000593,Ed,Perlmutter
P000605,Scott,Perry
P000595,Gary,Peters
P000608,Scott,Peters
P000258,Collin,Peterson
P000265,Thomas,Petri
P000620,Brittany,Pettersen
P000048,August,Pfluger
P000616,Dean,Phillips
P000596,Pedro,Pierluisi
P000597,Chellie,Pingree
P000606,Robert,Pittenger
P000373,Joseph,Pitts
P000610,Stacey,Plaskett
P000607,Mark,Pocan
P000592,Ted,Poe
P000611,Bruce,Poliquin
P000598,Jared,Polis
P000602,Mike,Pompeo
P000618,Katie,Porter
P000449,Robert,Portman
P000599,Bill,Posey
P000621,Nellie,Pou
P000617,Ayanna,Pressley
P000523,David,Price
P000591,Tom,Price
P000590,Mark,Pryor
Q000023,Mike,Quigley
R000596,Trey,Radel
R000600,Aumua,Radewagen
R000011,Nick,Rahall
R000617,Delia,Ramirez
R000621,Emily,Randall
R000053,Charles,Rangel
R000606,Jamie,Raskin
R000601,John,Ratcliffe
R000122,John,Reed
R000585,Thomas,Reed
R000578,David,Reichert
R000146,Harry,Reid
R000586,Jim,Renacci
R000610,Guy,Reschenthaler
R000587,Reid,Ribble
R000602,Kathleen,Rice
R000597,Tom,Rice
R000588,Cedric,Richmond
R000618,John,Ricketts
R000589,E.,Rigell
R000611,Denver,Riggleman
R000622,Josh,Riley
R000584,James,Risch
R000620,Luz,Rivas
R000307,Charles,Roberts
R000591,Martha,Roby
R000361,John,Rockefeller
R000582,David,Roe
R000395,Harold,Rogers
R000575,Michael,Rogers
R000572,Mike,Rogers
R000409,Dana,Rohrabacher
R000592,Todd,Rokita
R000615,Willard,Romney
R000607,Francis,Rooney
R000583,Thomas,Rooney
R000435,Ileana,Ros-Lehtinen
R000612,John,Rose
R000613,Max,Rose
R000608,Jacklyn,Rosen
R000103,Matthew,Rosendale
R000580,Peter,Roskam
R000305,Deborah,Ross
R000593,Dennis,Ross
R000598,Keith,Rothfus
R000616,Harley,Rouda
R000605,Marion,Rounds
R000603,David,Rouzer
R000614,Charles,Roy
R000486,Lucille,Roybal-Allard
R000487,Edward,Royce
R000595,Marco,Rubio
R000599,Raul,Ruiz
R000619,Michael,Rulli
R000594,Jon,Runyan
R000576,C. A.,Ruppersberger
R000515,Bobby,Rush
R000604,Steve,Russell
R000609,John,Rutherford
R000579,Patrick,Ryan
R000570,Paul,Ryan
R000577,Timothy,Ryan
R000577,Gregorio,Sablan
S000168,Maria,Salazar
S001226,Andrea,Salinas
S000018,Matthew,Salmon
S001204,Michael,San Nicolas
S001156,Linda,Sanchez
S000030,Loretta,Sanchez
S000033,Bernard,Sanders
S000051,Mark,Sanford
S001222,George,Santos
S001168,John,Sarbanes
S001197,Benjamin,Sasse
S001176,Steve,Scalise
S001205,Mary,Scanlon
S001145,Janice,Schakowsky
S001194,Brian,Schatz
S001150,Adam,Schiff
S001228,Derek,Schmidt
S001227,Eric,Schmitt
S001190,Brad,Schneider
S001179,Aaron,Schock
S001221,Hillary,Scholten
S001180,Kurt,Schrader
S001216,Kim,Schrier
S000148,Charles,Schumer
S001162,Allyson,Schwartz
S001183,David,Schweikert
S001189,Austin,Scott
S001157,David,Scott
S001217,Richard,Scott
S000185,Robert,Scott
S001184,Tim,Scott
S001224,Keith,Self
S001219,Joseph,Sempolinski
S000244,Frank,Sensenbrenner
S000248,Jose,Serrano
S001141,Jefferson,Sessions
S000250,Pete,Sessions
S001185,Terri,Sewell
S001181,Jeanne,Shaheen
S001206,Donna,Shalala
S001170,Carol,Shea-Porter
S001232,Timothy,Sheehy
S000320,Richard,Shelby
S000344,Brad,Sherman
S001207,Mikie,Sherrill
S000364,John,Shimkus
S001229,Jefferson,Shreve
S001154,William,Shuster
S001231,Lateefah,Simon
S001148,Michael,Simpson
S001191,Kyrsten,Sinema
S001165,Albio,Sires
S000480,Louise,Slaughter
S001208,Elissa,Slotkin
S000510,Adam,Smith
S001172,Adrian,Smith
S000522,Christopher,Smith
S001195,Jason,Smith
S000583,Lamar,Smith
S001203,Tina,Smith
S001199,Lloyd,Smucker
S001225,Eric,Sorensen
S001200,Darren,Soto
S001186,Steve,Southerland
S001209,Abigail,Spanberger
S001210,Ross,Spano
S000929,Victoria,Spartz
S001175,Karen,Speier
S000770,Deborah,Stabenow
S001218,Melanie,Stansbury
S001211,Greg,Stanton
S001212,Peter,Stauber
S001135,Michelle,Steel
S001196,Elise,Stefanik
S001213,Bryan,Steil
S001214,W. ,Steube
S001215,Haley,Stevens
S001192,Chris,Stewart
S001187,Steve,Stivers
S000937,Steve,Stockman
S001202,Luther,Strange
S001159,Marilyn,Strickland
S001220,Dale,Strong
S001188,Marlin,Stutzman
S001230,Suhas,Subramanyam
S001198,Daniel,Sullivan
S001201,Thomas,Suozzi
S001193,Eric,Swalwell
S001223,Emilia,Sykes
T000473,Mark,Takai
T000472,Mark,Takano
T000490,David,Taylor
T000479,Nicholas,Taylor
T000477,Scott,Taylor
T000478,Claudia,Tenney
T000459,Lee,Terry
T000464,Jon,Tester
T000488,Shri,Thanedar
T000193,Bennie,Thompson
T000467,Glenn,Thompson
T000460,Michael,Thompson
T000238,William,Thornberry
T000250,John,Thune
T000462,Patrick,Tiberi
T000266,John,Tierney
T000165,Thomas,TIFFANY
T000476,Thomas,Tillis
T000480,William,Timmons
T000470,Scott,Tipton
T000468,Alice,Titus
T000481,Rashida,Tlaib
T000487,Jill,Tokuda
T000469,Paul,Tonko
T000461,Patrick,Toomey
T000474,Norma,Torres
T000486,Ritchie,Torres
T000484,Xochitl,Torres Small
T000482,Lori,Trahan
T000491,Derek,Tran
T000483,David,Trone
T000475,David,Trott
T000465,Nicola,Tsongas
T000278,Thomas,Tuberville
T000463,Michael,Turner
T000489,Sylvester,Turner
U000038,Mark,Udall
U000039,Thomas,Udall
U000040,Lauren,Underwood
U000031,Frederick,Upton
V000129,David,Valadao
V000133,Jefferson,Van Drew
V000134,Beth,Van Duyne
V000139,Matt,Van Epps
V000128,Christopher,Van Hollen
V000135,Derrick,Van Orden
V000137,James,Vance
V000130,Juan,Vargas
V000136,Gabriel,Vasquez
V000131,Marc,Veasey
V000132,Filemon,Vela
V000081,Nydia,Velazquez
V000138,Eugene,Vindman
V000108,Peter,Visclosky
V000127,David,Vitter
W000812,Ann,Wagner
W000798,Tim,Walberg
W000791,Greg,Walden
W000819,Bradley,Walker
W000831,James,Walkinshaw
W000813,Jackie,Walorski
W000818,John,Walsh
W000820,Mimi,Walters
W000823,Michael,Waltz
W000799,Tim,Walz
W000805,Mark,Warner
W000790,Raphael,Warnock
W000817,Elizabeth,Warren
W000797,Debbie,Wasserman Schultz
W000187,Maxine,Waters
W000824,Steve,Watkins
W000822,Bonnie,Watson Coleman
W000207,Melvin,Watt
W000215,Henry,Waxman
W000814,Randy,Weber
W000806,Daniel,Webster
W000800,Peter,Welch
W000815,Brad,Wenstrup
W000821,Bruce,Westerman
W000796,Lynn,Westmoreland
W000825,Jennifer,Wexton
W000802,Sheldon,Whitehouse
W000830,George,Whitesides
W000413,Wayne,Whitfield
W000437,Roger,Wicker
W000829,Tony,Wied
W000826,Susan,Wild
W000828,Brandon,Williams
W000788,Nikema,Williams
W000816,Roger,Williams
W000808,Frederica,Wilson
W000795,Joe,Wilson
W000804,Robert,Wittman
W000672,Frank,Wolf
W000809,Steve,Womack
W000810,Rob,Woodall
W000827,Ron,Wright
W000779,Ronald,Wyden
Y000067,Rudy,Yakym
Y000062,John,Yarmuth
Y000063,Kevin,Yoder
Y000065,Ted,Yoho
Y000031,Charles,Young
Y000066,David,Young
Y000033,Donald,Young
Y000064,Todd,Young
Z000017,Lee,Zeldin
Z000018,Ryan,Zinke